"DESCRIPTION","DURATION IN MS","NAME","PARENT SUITE","START TIME","STATUS","STOP TIME","SUB SUITE","SUITE","TEST CLASS","TEST METHOD"
"","2887","should work on mobile devices","Mobile Chrome","Fri Aug 15 13:21:31 BST 2025","passed","Fri Aug 15 13:21:34 BST 2025","Data Processing Page","data.spec.js","",""
"","2351","should sort data","Mobile Chrome","Fri Aug 15 13:21:24 BST 2025","passed","Fri Aug 15 13:21:26 BST 2025","Data Processing Page","data.spec.js","",""
"","2127","should square data values","firefox","Fri Aug 15 13:18:05 BST 2025","passed","Fri Aug 15 13:18:07 BST 2025","Data Processing Page","data.spec.js","",""
"","773","should work correctly in firefox","webkit","Fri Aug 15 13:20:35 BST 2025","skipped","Fri Aug 15 13:20:36 BST 2025","Cross-Browser and Visual Testing > Cross-Browser Compatibility","visual.spec.js","",""
"","1905","should display correctly on mobile","firefox","Fri Aug 15 13:18:36 BST 2025","passed","Fri Aug 15 13:18:38 BST 2025","Cross-Browser and Visual Testing > Responsive Design Testing","visual.spec.js","",""
"","8994","should clear data","firefox","Fri Aug 15 13:17:52 BST 2025","broken","Fri Aug 15 13:18:01 BST 2025","Data Processing Page","data.spec.js","",""
"","1736","should clear display","Mobile Chrome","Fri Aug 15 13:21:08 BST 2025","passed","Fri Aug 15 13:21:10 BST 2025","Calculator Page","calculator.spec.js","",""
"","1784","should display calculator interface","chromium","Fri Aug 15 13:16:36 BST 2025","passed","Fri Aug 15 13:16:38 BST 2025","Calculator Page","calculator.spec.js","",""
"","893","should display user management interface","Mobile Chrome","Fri Aug 15 13:21:35 BST 2025","passed","Fri Aug 15 13:21:36 BST 2025","User Management Page","users.spec.js","",""
"","3477","should display chart after processing","Mobile Chrome","Fri Aug 15 13:21:29 BST 2025","failed","Fri Aug 15 13:21:32 BST 2025","Data Processing Page","data.spec.js","",""
"","5757","should record complete data analysis session","Mobile Chrome","Fri Aug 15 13:21:34 BST 2025","failed","Fri Aug 15 13:21:40 BST 2025","Data Processing Page","data.spec.js","",""
"","3585","should handle complex data processing workflow","Mobile Chrome","Fri Aug 15 13:21:30 BST 2025","failed","Fri Aug 15 13:21:33 BST 2025","Data Processing Page","data.spec.js","",""
"","2205","should create a new user","chromium","Fri Aug 15 13:16:56 BST 2025","passed","Fri Aug 15 13:16:59 BST 2025","User Management Page","users.spec.js","",""
"","3530","should handle keyboard input","webkit","Fri Aug 15 13:19:10 BST 2025","passed","Fri Aug 15 13:19:13 BST 2025","Calculator Page","calculator.spec.js","",""
"","1914","should perform basic subtraction","Mobile Chrome","Fri Aug 15 13:21:05 BST 2025","passed","Fri Aug 15 13:21:06 BST 2025","Calculator Page","calculator.spec.js","",""
"","1362","should sort data","chromium","Fri Aug 15 13:16:50 BST 2025","passed","Fri Aug 15 13:16:51 BST 2025","Data Processing Page","data.spec.js","",""
"","3012","should display correctly on desktop","Mobile Safari","Fri Aug 15 13:22:44 BST 2025","passed","Fri Aug 15 13:22:47 BST 2025","Cross-Browser and Visual Testing > Responsive Design Testing","visual.spec.js","",""
"","2295","should work on mobile devices","chromium","Fri Aug 15 13:16:42 BST 2025","passed","Fri Aug 15 13:16:45 BST 2025","Calculator Page","calculator.spec.js","",""
"","2783","should calculate square","firefox","Fri Aug 15 13:17:29 BST 2025","passed","Fri Aug 15 13:17:32 BST 2025","Calculator Page","calculator.spec.js","",""
"","9543","should complete full testing workflow with video recording","firefox","Fri Aug 15 13:18:45 BST 2025","broken","Fri Aug 15 13:18:54 BST 2025","Cross-Browser and Visual Testing > Complete User Journeys","visual.spec.js","",""
"","1767","should handle empty data input","Mobile Safari","Fri Aug 15 13:22:21 BST 2025","passed","Fri Aug 15 13:22:23 BST 2025","Data Processing Page","data.spec.js","",""
"","5675","should filter data by threshold","webkit","Fri Aug 15 13:19:45 BST 2025","passed","Fri Aug 15 13:19:51 BST 2025","Data Processing Page","data.spec.js","",""
"","2951","should display chart after processing","firefox","Fri Aug 15 13:18:08 BST 2025","passed","Fri Aug 15 13:18:11 BST 2025","Data Processing Page","data.spec.js","",""
"","3283","should take consistent user management screenshots","chromium","Fri Aug 15 13:17:07 BST 2025","failed","Fri Aug 15 13:17:10 BST 2025","Cross-Browser and Visual Testing > Visual Regression Testing","visual.spec.js","",""
"","5953","should perform basic multiplication","Mobile Safari","Fri Aug 15 13:21:59 BST 2025","broken","Fri Aug 15 13:22:05 BST 2025","Calculator Page","calculator.spec.js","",""
"","5667","should validate data","firefox","Fri Aug 15 13:18:00 BST 2025","passed","Fri Aug 15 13:18:06 BST 2025","Data Processing Page","data.spec.js","",""
"","3126","should process data and show statistics","Mobile Safari","Fri Aug 15 13:22:18 BST 2025","passed","Fri Aug 15 13:22:21 BST 2025","Data Processing Page","data.spec.js","",""
"","5468","should navigate to calculator from feature card","webkit","Fri Aug 15 13:19:25 BST 2025","failed","Fri Aug 15 13:19:30 BST 2025","Dashboard Page","dashboard.spec.js","",""
"","3562","should display data processing interface","webkit","Fri Aug 15 13:19:32 BST 2025","passed","Fri Aug 15 13:19:35 BST 2025","Data Processing Page","data.spec.js","",""
"","2436","should search users","chromium","Fri Aug 15 13:16:59 BST 2025","passed","Fri Aug 15 13:17:01 BST 2025","User Management Page","users.spec.js","",""
"","7949","should search users","webkit","Fri Aug 15 13:20:17 BST 2025","broken","Fri Aug 15 13:20:24 BST 2025","User Management Page","users.spec.js","",""
"","7244","should take consistent calculator screenshots","webkit","Fri Aug 15 13:20:43 BST 2025","broken","Fri Aug 15 13:20:50 BST 2025","Cross-Browser and Visual Testing > Visual Regression Testing","visual.spec.js","",""
"","6474","should handle complex data processing workflow","Mobile Safari","Fri Aug 15 13:22:23 BST 2025","broken","Fri Aug 15 13:22:29 BST 2025","Data Processing Page","data.spec.js","",""
"","5282","should handle decimal numbers","Mobile Chrome","Fri Aug 15 13:21:08 BST 2025","passed","Fri Aug 15 13:21:13 BST 2025","Calculator Page","calculator.spec.js","",""
"","4272","should complete full testing workflow with video recording","Mobile Chrome","Fri Aug 15 13:21:57 BST 2025","failed","Fri Aug 15 13:22:01 BST 2025","Cross-Browser and Visual Testing > Complete User Journeys","visual.spec.js","",""
"","1886","should perform basic division","chromium","Fri Aug 15 13:16:38 BST 2025","passed","Fri Aug 15 13:16:40 BST 2025","Calculator Page","calculator.spec.js","",""
"","6096","should perform basic addition","Mobile Safari","Fri Aug 15 13:21:58 BST 2025","broken","Fri Aug 15 13:22:04 BST 2025","Calculator Page","calculator.spec.js","",""
"","1627","should navigate to calculator from feature card","Mobile Safari","Fri Aug 15 13:22:14 BST 2025","passed","Fri Aug 15 13:22:16 BST 2025","Dashboard Page","dashboard.spec.js","",""
"","7432","should handle backspace","webkit","Fri Aug 15 13:19:03 BST 2025","broken","Fri Aug 15 13:19:10 BST 2025","Calculator Page","calculator.spec.js","",""
"","1085","should be keyboard navigable","Mobile Chrome","Fri Aug 15 13:21:54 BST 2025","passed","Fri Aug 15 13:21:55 BST 2025","Cross-Browser and Visual Testing > Accessibility Testing","visual.spec.js","",""
"","8610","should work on mobile devices","firefox","Fri Aug 15 13:17:35 BST 2025","broken","Fri Aug 15 13:17:44 BST 2025","Calculator Page","calculator.spec.js","",""
"","5936","should record video of complete user workflow","Mobile Chrome","Fri Aug 15 13:21:43 BST 2025","broken","Fri Aug 15 13:21:49 BST 2025","User Management Page","users.spec.js","",""
"","953","should work correctly in chromium","webkit","Fri Aug 15 13:20:34 BST 2025","skipped","Fri Aug 15 13:20:35 BST 2025","Cross-Browser and Visual Testing > Cross-Browser Compatibility","visual.spec.js","",""
"","690","should display feature cards","Mobile Chrome","Fri Aug 15 13:21:18 BST 2025","passed","Fri Aug 15 13:21:19 BST 2025","Dashboard Page","dashboard.spec.js","",""
"","1973","should have proper accessibility attributes","chromium","Fri Aug 15 13:17:12 BST 2025","passed","Fri Aug 15 13:17:14 BST 2025","Cross-Browser and Visual Testing > Accessibility Testing","visual.spec.js","",""
"","3263","should take consistent user management screenshots","Mobile Chrome","Fri Aug 15 13:21:50 BST 2025","failed","Fri Aug 15 13:21:53 BST 2025","Cross-Browser and Visual Testing > Visual Regression Testing","visual.spec.js","",""
"","3990","should clear display","Mobile Safari","Fri Aug 15 13:22:05 BST 2025","failed","Fri Aug 15 13:22:09 BST 2025","Calculator Page","calculator.spec.js","",""
"","178","should work correctly in webkit","chromium","Fri Aug 15 13:17:05 BST 2025","skipped","Fri Aug 15 13:17:05 BST 2025","Cross-Browser and Visual Testing > Cross-Browser Compatibility","visual.spec.js","",""
"","1322","should display dashboard title and navigation","chromium","Fri Aug 15 13:16:45 BST 2025","passed","Fri Aug 15 13:16:46 BST 2025","Dashboard Page","dashboard.spec.js","",""
"","3402","should display calculation history","chromium","Fri Aug 15 13:16:41 BST 2025","passed","Fri Aug 15 13:16:45 BST 2025","Calculator Page","calculator.spec.js","",""
"","6905","should take consistent dashboard screenshots","webkit","Fri Aug 15 13:20:40 BST 2025","failed","Fri Aug 15 13:20:47 BST 2025","Cross-Browser and Visual Testing > Visual Regression Testing","visual.spec.js","",""
"","6384","should handle decimal numbers","Mobile Safari","Fri Aug 15 13:22:02 BST 2025","broken","Fri Aug 15 13:22:09 BST 2025","Calculator Page","calculator.spec.js","",""
"","1424","should open add user modal","Mobile Safari","Fri Aug 15 13:22:27 BST 2025","passed","Fri Aug 15 13:22:29 BST 2025","User Management Page","users.spec.js","",""
"","4100","should record complete data analysis session","chromium","Fri Aug 15 13:16:53 BST 2025","passed","Fri Aug 15 13:16:57 BST 2025","Data Processing Page","data.spec.js","",""
"","4779","should handle division by zero error","firefox","Fri Aug 15 13:17:33 BST 2025","passed","Fri Aug 15 13:17:38 BST 2025","Calculator Page","calculator.spec.js","",""
"","6497","should load pages within performance budgets","webkit","Fri Aug 15 13:20:50 BST 2025","passed","Fri Aug 15 13:20:57 BST 2025","Cross-Browser and Visual Testing > Performance and Loading Tests","visual.spec.js","",""
"","2657","should be responsive on mobile","Mobile Chrome","Fri Aug 15 13:21:43 BST 2025","passed","Fri Aug 15 13:21:46 BST 2025","User Management Page","users.spec.js","",""
"","4857","should test API integration","Mobile Chrome","Fri Aug 15 13:21:13 BST 2025","passed","Fri Aug 15 13:21:18 BST 2025","Calculator Page","calculator.spec.js","",""
"","8296","should record video of complete user workflow","firefox","Fri Aug 15 13:18:26 BST 2025","broken","Fri Aug 15 13:18:35 BST 2025","User Management Page","users.spec.js","",""
"","2229","should take consistent calculator screenshots","Mobile Chrome","Fri Aug 15 13:21:48 BST 2025","failed","Fri Aug 15 13:21:50 BST 2025","Cross-Browser and Visual Testing > Visual Regression Testing","visual.spec.js","",""
"","2675","should load pages within performance budgets","Mobile Chrome","Fri Aug 15 13:21:52 BST 2025","passed","Fri Aug 15 13:21:55 BST 2025","Cross-Browser and Visual Testing > Performance and Loading Tests","visual.spec.js","",""
"","5141","should take consistent calculator screenshots","chromium","Fri Aug 15 13:17:06 BST 2025","failed","Fri Aug 15 13:17:11 BST 2025","Cross-Browser and Visual Testing > Visual Regression Testing","visual.spec.js","",""
"","2969","should work on mobile devices","Mobile Safari","Fri Aug 15 13:22:23 BST 2025","passed","Fri Aug 15 13:22:26 BST 2025","Data Processing Page","data.spec.js","",""
"","1235","should handle invalid data input","chromium","Fri Aug 15 13:16:51 BST 2025","passed","Fri Aug 15 13:16:52 BST 2025","Data Processing Page","data.spec.js","",""
"","3103","should filter users by status","Mobile Safari","Fri Aug 15 13:22:31 BST 2025","passed","Fri Aug 15 13:22:34 BST 2025","User Management Page","users.spec.js","",""
"","2281","should display correctly on tablet","Mobile Chrome","Fri Aug 15 13:21:51 BST 2025","passed","Fri Aug 15 13:21:54 BST 2025","Cross-Browser and Visual Testing > Responsive Design Testing","visual.spec.js","",""
"","8329","should perform basic subtraction","firefox","Fri Aug 15 13:17:15 BST 2025","broken","Fri Aug 15 13:17:24 BST 2025","Calculator Page","calculator.spec.js","",""
"","1346","should be responsive on mobile","firefox","Fri Aug 15 13:17:45 BST 2025","passed","Fri Aug 15 13:17:46 BST 2025","Dashboard Page","dashboard.spec.js","",""
"","2401","should take consistent calculator screenshots","Mobile Safari","Fri Aug 15 13:22:39 BST 2025","failed","Fri Aug 15 13:22:42 BST 2025","Cross-Browser and Visual Testing > Visual Regression Testing","visual.spec.js","",""
"","2432","should handle empty data input","firefox","Fri Aug 15 13:18:07 BST 2025","passed","Fri Aug 15 13:18:10 BST 2025","Data Processing Page","data.spec.js","",""
"","3428","should delete a user","firefox","Fri Aug 15 13:18:18 BST 2025","passed","Fri Aug 15 13:18:21 BST 2025","User Management Page","users.spec.js","",""
"","1363","should calculate square","chromium","Fri Aug 15 13:16:41 BST 2025","passed","Fri Aug 15 13:16:42 BST 2025","Calculator Page","calculator.spec.js","",""
"","1821","should load sample data sets","chromium","Fri Aug 15 13:16:48 BST 2025","passed","Fri Aug 15 13:16:50 BST 2025","Data Processing Page","data.spec.js","",""
"","9589","should handle complex data processing workflow","webkit","Fri Aug 15 13:19:57 BST 2025","broken","Fri Aug 15 13:20:06 BST 2025","Data Processing Page","data.spec.js","",""
"","1555","should navigate to data processing from feature card","Mobile Safari","Fri Aug 15 13:22:16 BST 2025","passed","Fri Aug 15 13:22:17 BST 2025","Dashboard Page","dashboard.spec.js","",""
"","2014","should sort data","Mobile Safari","Fri Aug 15 13:22:19 BST 2025","passed","Fri Aug 15 13:22:21 BST 2025","Data Processing Page","data.spec.js","",""
"","688","should handle keyboard input","Mobile Chrome","Fri Aug 15 13:21:12 BST 2025","passed","Fri Aug 15 13:21:13 BST 2025","Calculator Page","calculator.spec.js","",""
"","1181","should handle empty data input","chromium","Fri Aug 15 13:16:51 BST 2025","passed","Fri Aug 15 13:16:52 BST 2025","Data Processing Page","data.spec.js","",""
"","5074","should record complete data analysis session","Mobile Safari","Fri Aug 15 13:22:26 BST 2025","passed","Fri Aug 15 13:22:31 BST 2025","Data Processing Page","data.spec.js","",""
"","3092","should have working navigation links","Mobile Safari","Fri Aug 15 13:22:13 BST 2025","passed","Fri Aug 15 13:22:16 BST 2025","Dashboard Page","dashboard.spec.js","",""
"","2741","should be responsive on mobile","webkit","Fri Aug 15 13:19:30 BST 2025","passed","Fri Aug 15 13:19:33 BST 2025","Dashboard Page","dashboard.spec.js","",""
"","6496","should handle data transformations with error cases","chromium","Fri Aug 15 13:16:52 BST 2025","broken","Fri Aug 15 13:16:59 BST 2025","Data Processing Page","data.spec.js","",""
"","950","should have proper accessibility attributes","Mobile Chrome","Fri Aug 15 13:21:22 BST 2025","passed","Fri Aug 15 13:21:23 BST 2025","Dashboard Page","dashboard.spec.js","",""
"","4221","should display user management interface","firefox","Fri Aug 15 13:18:13 BST 2025","passed","Fri Aug 15 13:18:18 BST 2025","User Management Page","users.spec.js","",""
"","8822","should record complete data analysis session","firefox","Fri Aug 15 13:18:13 BST 2025","broken","Fri Aug 15 13:18:21 BST 2025","Data Processing Page","data.spec.js","",""
"","1913","should handle network failures gracefully","Mobile Chrome","Fri Aug 15 13:21:55 BST 2025","passed","Fri Aug 15 13:21:57 BST 2025","Cross-Browser and Visual Testing > Error Handling and Edge Cases","visual.spec.js","",""
"","2423","should handle division by zero error","Mobile Safari","Fri Aug 15 13:22:10 BST 2025","passed","Fri Aug 15 13:22:13 BST 2025","Calculator Page","calculator.spec.js","",""
"","7523","should edit an existing user","webkit","Fri Aug 15 13:20:11 BST 2025","broken","Fri Aug 15 13:20:18 BST 2025","User Management Page","users.spec.js","",""
"","2855","should filter users by status","chromium","Fri Aug 15 13:17:00 BST 2025","passed","Fri Aug 15 13:17:03 BST 2025","User Management Page","users.spec.js","",""
"","4476","should handle complex data processing workflow","chromium","Fri Aug 15 13:16:52 BST 2025","passed","Fri Aug 15 13:16:56 BST 2025","Data Processing Page","data.spec.js","",""
"","7095","should test API integration","webkit","Fri Aug 15 13:19:13 BST 2025","failed","Fri Aug 15 13:19:20 BST 2025","Calculator Page","calculator.spec.js","",""
"","2688","should have proper accessibility attributes","firefox","Fri Aug 15 13:18:41 BST 2025","passed","Fri Aug 15 13:18:43 BST 2025","Cross-Browser and Visual Testing > Accessibility Testing","visual.spec.js","",""
"","8435","should record video of complete user workflow","webkit","Fri Aug 15 13:20:33 BST 2025","broken","Fri Aug 15 13:20:42 BST 2025","User Management Page","users.spec.js","",""
"","1271","should have proper accessibility attributes","Mobile Safari","Fri Aug 15 13:22:17 BST 2025","passed","Fri Aug 15 13:22:18 BST 2025","Dashboard Page","dashboard.spec.js","",""
"","2515","should navigate to calculator from feature card","Mobile Chrome","Fri Aug 15 13:21:19 BST 2025","passed","Fri Aug 15 13:21:21 BST 2025","Dashboard Page","dashboard.spec.js","",""
"","9413","should perform basic addition","firefox","Fri Aug 15 13:17:15 BST 2025","broken","Fri Aug 15 13:17:25 BST 2025","Calculator Page","calculator.spec.js","",""
"","3636","should have working navigation links","firefox","Fri Aug 15 13:17:40 BST 2025","passed","Fri Aug 15 13:17:43 BST 2025","Dashboard Page","dashboard.spec.js","",""
"","1073","should navigate to data processing from feature card","chromium","Fri Aug 15 13:16:47 BST 2025","passed","Fri Aug 15 13:16:48 BST 2025","Dashboard Page","dashboard.spec.js","",""
"","1583","should be responsive on mobile","Mobile Safari","Fri Aug 15 13:22:16 BST 2025","passed","Fri Aug 15 13:22:17 BST 2025","Dashboard Page","dashboard.spec.js","",""
"","429","should work correctly in firefox","chromium","Fri Aug 15 13:17:05 BST 2025","skipped","Fri Aug 15 13:17:06 BST 2025","Cross-Browser and Visual Testing > Cross-Browser Compatibility","visual.spec.js","",""
"","3506","should work correctly in chromium","chromium","Fri Aug 15 13:17:05 BST 2025","passed","Fri Aug 15 13:17:08 BST 2025","Cross-Browser and Visual Testing > Cross-Browser Compatibility","visual.spec.js","",""
"","1742","should be keyboard navigable","firefox","Fri Aug 15 13:18:43 BST 2025","passed","Fri Aug 15 13:18:45 BST 2025","Cross-Browser and Visual Testing > Accessibility Testing","visual.spec.js","",""
"","2218","should filter data by threshold","Mobile Safari","Fri Aug 15 13:22:21 BST 2025","passed","Fri Aug 15 13:22:23 BST 2025","Data Processing Page","data.spec.js","",""
"","1340","should display calculator interface","Mobile Chrome","Fri Aug 15 13:21:01 BST 2025","passed","Fri Aug 15 13:21:03 BST 2025","Calculator Page","calculator.spec.js","",""
"","180","should work correctly in webkit","Mobile Chrome","Fri Aug 15 13:21:48 BST 2025","skipped","Fri Aug 15 13:21:48 BST 2025","Cross-Browser and Visual Testing > Cross-Browser Compatibility","visual.spec.js","",""
"","2552","should handle user statistics display","Mobile Safari","Fri Aug 15 13:22:37 BST 2025","passed","Fri Aug 15 13:22:39 BST 2025","User Management Page","users.spec.js","",""
"","2085","should export users to CSV","chromium","Fri Aug 15 13:17:00 BST 2025","passed","Fri Aug 15 13:17:02 BST 2025","User Management Page","users.spec.js","",""
"","2409","should validate data","Mobile Safari","Fri Aug 15 13:22:18 BST 2025","passed","Fri Aug 15 13:22:21 BST 2025","Data Processing Page","data.spec.js","",""
"","2353","should handle decimal numbers","chromium","Fri Aug 15 13:16:39 BST 2025","passed","Fri Aug 15 13:16:41 BST 2025","Calculator Page","calculator.spec.js","",""
"","9161","should display correctly on tablet","webkit","Fri Aug 15 13:20:48 BST 2025","broken","Fri Aug 15 13:20:57 BST 2025","Cross-Browser and Visual Testing > Responsive Design Testing","visual.spec.js","",""
"","6740","should work on mobile devices","webkit","Fri Aug 15 13:19:13 BST 2025","broken","Fri Aug 15 13:19:20 BST 2025","Calculator Page","calculator.spec.js","",""
"","2310","should navigate to data processing from feature card","Mobile Chrome","Fri Aug 15 13:21:21 BST 2025","passed","Fri Aug 15 13:21:23 BST 2025","Dashboard Page","dashboard.spec.js","",""
"","4874","should be responsive on mobile","firefox","Fri Aug 15 13:18:25 BST 2025","failed","Fri Aug 15 13:18:30 BST 2025","User Management Page","users.spec.js","",""
"","2099","should load sample data sets","Mobile Safari","Fri Aug 15 13:22:17 BST 2025","passed","Fri Aug 15 13:22:19 BST 2025","Data Processing Page","data.spec.js","",""
"","2870","should be responsive on mobile","Mobile Safari","Fri Aug 15 13:22:34 BST 2025","passed","Fri Aug 15 13:22:37 BST 2025","User Management Page","users.spec.js","",""
"","1971","should perform basic multiplication","Mobile Chrome","Fri Aug 15 13:21:06 BST 2025","passed","Fri Aug 15 13:21:08 BST 2025","Calculator Page","calculator.spec.js","",""
"","5214","should work correctly in firefox","firefox","Fri Aug 15 13:18:31 BST 2025","passed","Fri Aug 15 13:18:36 BST 2025","Cross-Browser and Visual Testing > Cross-Browser Compatibility","visual.spec.js","",""
"","4315","should record video of complex calculation","chromium","Fri Aug 15 13:16:43 BST 2025","passed","Fri Aug 15 13:16:48 BST 2025","Calculator Page","calculator.spec.js","",""
"","1688","should have proper accessibility attributes","firefox","Fri Aug 15 13:17:46 BST 2025","passed","Fri Aug 15 13:17:48 BST 2025","Dashboard Page","dashboard.spec.js","",""
"","1777","should filter data by threshold","firefox","Fri Aug 15 13:18:06 BST 2025","passed","Fri Aug 15 13:18:08 BST 2025","Data Processing Page","data.spec.js","",""
"","7695","should have proper accessibility attributes","webkit","Fri Aug 15 13:20:52 BST 2025","broken","Fri Aug 15 13:20:59 BST 2025","Cross-Browser and Visual Testing > Accessibility Testing","visual.spec.js","",""
"","3280","should load pages within performance budgets","Mobile Safari","Fri Aug 15 13:22:44 BST 2025","passed","Fri Aug 15 13:22:47 BST 2025","Cross-Browser and Visual Testing > Performance and Loading Tests","visual.spec.js","",""
"","2282","should have working navigation links","chromium","Fri Aug 15 13:16:45 BST 2025","passed","Fri Aug 15 13:16:47 BST 2025","Dashboard Page","dashboard.spec.js","",""
"","1165","should handle invalid data input","Mobile Chrome","Fri Aug 15 13:21:30 BST 2025","passed","Fri Aug 15 13:21:31 BST 2025","Data Processing Page","data.spec.js","",""
"","2295","should validate form inputs","Mobile Chrome","Fri Aug 15 13:21:42 BST 2025","failed","Fri Aug 15 13:21:45 BST 2025","User Management Page","users.spec.js","",""
"","8633","should display calculation history","webkit","Fri Aug 15 13:19:12 BST 2025","broken","Fri Aug 15 13:19:21 BST 2025","Calculator Page","calculator.spec.js","",""
"","7396","should record video of complex calculation","webkit","Fri Aug 15 13:19:22 BST 2025","broken","Fri Aug 15 13:19:29 BST 2025","Calculator Page","calculator.spec.js","",""
"","2451","should handle user statistics display","firefox","Fri Aug 15 13:18:28 BST 2025","passed","Fri Aug 15 13:18:31 BST 2025","User Management Page","users.spec.js","",""
"","2034","should square data values","Mobile Safari","Fri Aug 15 13:22:21 BST 2025","passed","Fri Aug 15 13:22:23 BST 2025","Data Processing Page","data.spec.js","",""
"","8089","should handle data transformations with error cases","firefox","Fri Aug 15 13:18:11 BST 2025","broken","Fri Aug 15 13:18:19 BST 2025","Data Processing Page","data.spec.js","",""
"","3662","should validate data","Mobile Chrome","Fri Aug 15 13:21:23 BST 2025","failed","Fri Aug 15 13:21:27 BST 2025","Data Processing Page","data.spec.js","",""
"","834","should be responsive on mobile","Mobile Chrome","Fri Aug 15 13:21:21 BST 2025","passed","Fri Aug 15 13:21:22 BST 2025","Dashboard Page","dashboard.spec.js","",""
"","2878","should work on mobile devices","firefox","Fri Aug 15 13:18:10 BST 2025","failed","Fri Aug 15 13:18:12 BST 2025","Data Processing Page","data.spec.js","",""
"","1883","should handle large datasets","Mobile Safari","Fri Aug 15 13:22:47 BST 2025","passed","Fri Aug 15 13:22:49 BST 2025","Cross-Browser and Visual Testing > Error Handling and Edge Cases","visual.spec.js","",""
"","3237","should calculate square root","firefox","Fri Aug 15 13:17:28 BST 2025","passed","Fri Aug 15 13:17:31 BST 2025","Calculator Page","calculator.spec.js","",""
"","937","should open add user modal","Mobile Chrome","Fri Aug 15 13:21:34 BST 2025","passed","Fri Aug 15 13:21:35 BST 2025","User Management Page","users.spec.js","",""
"","5335","should process data and show statistics","firefox","Fri Aug 15 13:18:00 BST 2025","passed","Fri Aug 15 13:18:05 BST 2025","Data Processing Page","data.spec.js","",""
"","5435","should validate data","webkit","Fri Aug 15 13:19:35 BST 2025","failed","Fri Aug 15 13:19:41 BST 2025","Data Processing Page","data.spec.js","",""
"","1909","should validate data","chromium","Fri Aug 15 13:16:49 BST 2025","passed","Fri Aug 15 13:16:51 BST 2025","Data Processing Page","data.spec.js","",""
"","1842","should display correctly on tablet","chromium","Fri Aug 15 13:17:10 BST 2025","passed","Fri Aug 15 13:17:11 BST 2025","Cross-Browser and Visual Testing > Responsive Design Testing","visual.spec.js","",""
"","6731","should load sample data sets","webkit","Fri Aug 15 13:19:33 BST 2025","failed","Fri Aug 15 13:19:40 BST 2025","Data Processing Page","data.spec.js","",""
"","3605","should handle bulk selection and deletion","firefox","Fri Aug 15 13:18:21 BST 2025","passed","Fri Aug 15 13:18:25 BST 2025","User Management Page","users.spec.js","",""
"","1450","should calculate square root","chromium","Fri Aug 15 13:16:40 BST 2025","passed","Fri Aug 15 13:16:41 BST 2025","Calculator Page","calculator.spec.js","",""
"","5318","should display feature cards","firefox","Fri Aug 15 13:17:44 BST 2025","passed","Fri Aug 15 13:17:49 BST 2025","Dashboard Page","dashboard.spec.js","",""
"","4349","should validate form inputs","firefox","Fri Aug 15 13:18:24 BST 2025","failed","Fri Aug 15 13:18:29 BST 2025","User Management Page","users.spec.js","",""
"","1396","should display user management interface","chromium","Fri Aug 15 13:16:54 BST 2025","passed","Fri Aug 15 13:16:56 BST 2025","User Management Page","users.spec.js","",""
"","7167","should record video of complex calculation","Mobile Chrome","Fri Aug 15 13:21:15 BST 2025","broken","Fri Aug 15 13:21:22 BST 2025","Calculator Page","calculator.spec.js","",""
"","6139","should search users","firefox","Fri Aug 15 13:18:20 BST 2025","passed","Fri Aug 15 13:18:26 BST 2025","User Management Page","users.spec.js","",""
"","3047","should work correctly in chromium","firefox","Fri Aug 15 13:18:30 BST 2025","skipped","Fri Aug 15 13:18:33 BST 2025","Cross-Browser and Visual Testing > Cross-Browser Compatibility","visual.spec.js","",""
"","2164","should handle backspace","Mobile Safari","Fri Aug 15 13:22:06 BST 2025","passed","Fri Aug 15 13:22:08 BST 2025","Calculator Page","calculator.spec.js","",""
"","2449","should navigate to users from feature card","Mobile Chrome","Fri Aug 15 13:21:19 BST 2025","passed","Fri Aug 15 13:21:21 BST 2025","Dashboard Page","dashboard.spec.js","",""
"","6900","should perform basic multiplication","webkit","Fri Aug 15 13:18:52 BST 2025","broken","Fri Aug 15 13:18:59 BST 2025","Calculator Page","calculator.spec.js","",""
"","1717","should open add user modal","firefox","Fri Aug 15 13:18:13 BST 2025","passed","Fri Aug 15 13:18:15 BST 2025","User Management Page","users.spec.js","",""
"","5526","should create a new user","webkit","Fri Aug 15 13:20:09 BST 2025","failed","Fri Aug 15 13:20:15 BST 2025","User Management Page","users.spec.js","",""
"","8340","should take consistent user management screenshots","firefox","Fri Aug 15 13:18:36 BST 2025","failed","Fri Aug 15 13:18:44 BST 2025","Cross-Browser and Visual Testing > Visual Regression Testing","visual.spec.js","",""
"","8610","should handle decimal numbers","firefox","Fri Aug 15 13:17:25 BST 2025","broken","Fri Aug 15 13:17:33 BST 2025","Calculator Page","calculator.spec.js","",""
"","7447","should perform basic subtraction","webkit","Fri Aug 15 13:18:53 BST 2025","broken","Fri Aug 15 13:19:01 BST 2025","Calculator Page","calculator.spec.js","",""
"","1108","should display feature cards","chromium","Fri Aug 15 13:16:45 BST 2025","passed","Fri Aug 15 13:16:46 BST 2025","Dashboard Page","dashboard.spec.js","",""
"","4437","should handle large datasets","firefox","Fri Aug 15 13:18:46 BST 2025","passed","Fri Aug 15 13:18:50 BST 2025","Cross-Browser and Visual Testing > Error Handling and Edge Cases","visual.spec.js","",""
"","3306","should be keyboard navigable","webkit","Fri Aug 15 13:20:57 BST 2025","passed","Fri Aug 15 13:21:00 BST 2025","Cross-Browser and Visual Testing > Accessibility Testing","visual.spec.js","",""
"","1350","should double data values","chromium","Fri Aug 15 13:16:50 BST 2025","passed","Fri Aug 15 13:16:51 BST 2025","Data Processing Page","data.spec.js","",""
"","2886","should work correctly in chromium","Mobile Chrome","Fri Aug 15 13:21:46 BST 2025","failed","Fri Aug 15 13:21:49 BST 2025","Cross-Browser and Visual Testing > Cross-Browser Compatibility","visual.spec.js","",""
"","3187","should display feature cards","webkit","Fri Aug 15 13:19:22 BST 2025","passed","Fri Aug 15 13:19:25 BST 2025","Dashboard Page","dashboard.spec.js","",""
"","5695","should perform basic division","Mobile Safari","Fri Aug 15 13:22:00 BST 2025","broken","Fri Aug 15 13:22:06 BST 2025","Calculator Page","calculator.spec.js","",""
"","4428","should record video of complex calculation","Mobile Safari","Fri Aug 15 13:22:12 BST 2025","passed","Fri Aug 15 13:22:17 BST 2025","Calculator Page","calculator.spec.js","",""
"","4771","should perform basic division","Mobile Chrome","Fri Aug 15 13:21:08 BST 2025","passed","Fri Aug 15 13:21:13 BST 2025","Calculator Page","calculator.spec.js","",""
"","2186","should handle network failures gracefully","Mobile Safari","Fri Aug 15 13:22:47 BST 2025","passed","Fri Aug 15 13:22:49 BST 2025","Cross-Browser and Visual Testing > Error Handling and Edge Cases","visual.spec.js","",""
"","1846","should handle keyboard input","firefox","Fri Aug 15 13:17:31 BST 2025","passed","Fri Aug 15 13:17:33 BST 2025","Calculator Page","calculator.spec.js","",""
"","933","should be keyboard navigable","chromium","Fri Aug 15 13:17:11 BST 2025","passed","Fri Aug 15 13:17:12 BST 2025","Cross-Browser and Visual Testing > Accessibility Testing","visual.spec.js","",""
"","3015","should display chart after processing","Mobile Safari","Fri Aug 15 13:22:23 BST 2025","passed","Fri Aug 15 13:22:26 BST 2025","Data Processing Page","data.spec.js","",""
"","1680","should display chart after processing","chromium","Fri Aug 15 13:16:51 BST 2025","passed","Fri Aug 15 13:16:53 BST 2025","Data Processing Page","data.spec.js","",""
"","5948","should be responsive on mobile","webkit","Fri Aug 15 13:20:27 BST 2025","failed","Fri Aug 15 13:20:33 BST 2025","User Management Page","users.spec.js","",""
"","5789","should square data values","webkit","Fri Aug 15 13:19:42 BST 2025","failed","Fri Aug 15 13:19:48 BST 2025","Data Processing Page","data.spec.js","",""
"","8065","should clear display","firefox","Fri Aug 15 13:17:26 BST 2025","broken","Fri Aug 15 13:17:34 BST 2025","Calculator Page","calculator.spec.js","",""
"","2120","should handle backspace","firefox","Fri Aug 15 13:17:26 BST 2025","passed","Fri Aug 15 13:17:28 BST 2025","Calculator Page","calculator.spec.js","",""
"","3666","should display data processing interface","firefox","Fri Aug 15 13:17:48 BST 2025","passed","Fri Aug 15 13:17:52 BST 2025","Data Processing Page","data.spec.js","",""
"","1619","should clear display","chromium","Fri Aug 15 13:16:39 BST 2025","passed","Fri Aug 15 13:16:41 BST 2025","Calculator Page","calculator.spec.js","",""
"","2329","should work on mobile devices","Mobile Safari","Fri Aug 15 13:22:10 BST 2025","passed","Fri Aug 15 13:22:12 BST 2025","Calculator Page","calculator.spec.js","",""
"","3449","should display correctly on desktop","Mobile Chrome","Fri Aug 15 13:21:53 BST 2025","passed","Fri Aug 15 13:21:57 BST 2025","Cross-Browser and Visual Testing > Responsive Design Testing","visual.spec.js","",""
"","1767","should handle backspace","chromium","Fri Aug 15 13:16:40 BST 2025","passed","Fri Aug 15 13:16:41 BST 2025","Calculator Page","calculator.spec.js","",""
"","929","should calculate square","Mobile Chrome","Fri Aug 15 13:21:11 BST 2025","passed","Fri Aug 15 13:21:12 BST 2025","Calculator Page","calculator.spec.js","",""
"","3859","should display calculator interface","webkit","Fri Aug 15 13:18:48 BST 2025","passed","Fri Aug 15 13:18:52 BST 2025","Calculator Page","calculator.spec.js","",""
"","5891","should handle data transformations with error cases","Mobile Safari","Fri Aug 15 13:22:23 BST 2025","broken","Fri Aug 15 13:22:29 BST 2025","Data Processing Page","data.spec.js","",""
"","1884","should handle division by zero error","chromium","Fri Aug 15 13:16:41 BST 2025","passed","Fri Aug 15 13:16:43 BST 2025","Calculator Page","calculator.spec.js","",""
"","35423","should open add user modal","webkit","Fri Aug 15 13:20:08 BST 2025","failed","Fri Aug 15 13:20:43 BST 2025","User Management Page","users.spec.js","",""
"","2661","should filter users by status","Mobile Chrome","Fri Aug 15 13:21:41 BST 2025","passed","Fri Aug 15 13:21:43 BST 2025","User Management Page","users.spec.js","",""
"","1895","should process data and show statistics","chromium","Fri Aug 15 13:16:48 BST 2025","passed","Fri Aug 15 13:16:50 BST 2025","Data Processing Page","data.spec.js","",""
"","1821","should handle large datasets","Mobile Chrome","Fri Aug 15 13:21:55 BST 2025","passed","Fri Aug 15 13:21:57 BST 2025","Cross-Browser and Visual Testing > Error Handling and Edge Cases","visual.spec.js","",""
"","431","should work correctly in chromium","Mobile Safari","Fri Aug 15 13:22:38 BST 2025","skipped","Fri Aug 15 13:22:39 BST 2025","Cross-Browser and Visual Testing > Cross-Browser Compatibility","visual.spec.js","",""
"","6491","should display calculator interface","firefox","Fri Aug 15 13:17:15 BST 2025","passed","Fri Aug 15 13:17:22 BST 2025","Calculator Page","calculator.spec.js","",""
"","2069","should handle invalid data input","Mobile Safari","Fri Aug 15 13:22:21 BST 2025","passed","Fri Aug 15 13:22:23 BST 2025","Data Processing Page","data.spec.js","",""
"","7226","should handle bulk selection and deletion","Mobile Chrome","Fri Aug 15 13:21:40 BST 2025","broken","Fri Aug 15 13:21:47 BST 2025","User Management Page","users.spec.js","",""
"","2839","should validate form inputs","Mobile Safari","Fri Aug 15 13:22:34 BST 2025","failed","Fri Aug 15 13:22:37 BST 2025","User Management Page","users.spec.js","",""
"","5339","should take consistent calculator screenshots","firefox","Fri Aug 15 13:18:33 BST 2025","failed","Fri Aug 15 13:18:39 BST 2025","Cross-Browser and Visual Testing > Visual Regression Testing","visual.spec.js","",""
"","4890","should handle division by zero error","Mobile Chrome","Fri Aug 15 13:21:13 BST 2025","passed","Fri Aug 15 13:21:18 BST 2025","Calculator Page","calculator.spec.js","",""
"","2534","should test API integration","chromium","Fri Aug 15 13:16:42 BST 2025","passed","Fri Aug 15 13:16:45 BST 2025","Calculator Page","calculator.spec.js","",""
"","5474","should display correctly on tablet","firefox","Fri Aug 15 13:18:38 BST 2025","passed","Fri Aug 15 13:18:43 BST 2025","Cross-Browser and Visual Testing > Responsive Design Testing","visual.spec.js","",""
"","3963","should filter data by threshold","Mobile Chrome","Fri Aug 15 13:21:28 BST 2025","failed","Fri Aug 15 13:21:32 BST 2025","Data Processing Page","data.spec.js","",""
"","1522","should work on mobile devices","Mobile Chrome","Fri Aug 15 13:21:13 BST 2025","passed","Fri Aug 15 13:21:15 BST 2025","Calculator Page","calculator.spec.js","",""
"","1587","should clear data","chromium","Fri Aug 15 13:16:48 BST 2025","passed","Fri Aug 15 13:16:50 BST 2025","Data Processing Page","data.spec.js","",""
"","3750","should take consistent dashboard screenshots","Mobile Chrome","Fri Aug 15 13:21:48 BST 2025","failed","Fri Aug 15 13:21:52 BST 2025","Cross-Browser and Visual Testing > Visual Regression Testing","visual.spec.js","",""
"","2038","should handle network failures gracefully","chromium","Fri Aug 15 13:17:12 BST 2025","passed","Fri Aug 15 13:17:14 BST 2025","Cross-Browser and Visual Testing > Error Handling and Edge Cases","visual.spec.js","",""
"","3392","should perform basic addition","chromium","Fri Aug 15 13:16:36 BST 2025","passed","Fri Aug 15 13:16:40 BST 2025","Calculator Page","calculator.spec.js","",""
"","1795","should navigate to users from feature card","Mobile Safari","Fri Aug 15 13:22:15 BST 2025","passed","Fri Aug 15 13:22:17 BST 2025","Dashboard Page","dashboard.spec.js","",""
"","7823","should handle network failures gracefully","webkit","Fri Aug 15 13:20:59 BST 2025","broken","Fri Aug 15 13:21:07 BST 2025","Cross-Browser and Visual Testing > Error Handling and Edge Cases","visual.spec.js","",""
"","2108","should have proper accessibility attributes","Mobile Safari","Fri Aug 15 13:22:45 BST 2025","passed","Fri Aug 15 13:22:47 BST 2025","Cross-Browser and Visual Testing > Accessibility Testing","visual.spec.js","",""
"","1788","should perform basic addition","Mobile Chrome","Fri Aug 15 13:21:03 BST 2025","passed","Fri Aug 15 13:21:05 BST 2025","Calculator Page","calculator.spec.js","",""
"","439","should work correctly in firefox","Mobile Safari","Fri Aug 15 13:22:37 BST 2025","skipped","Fri Aug 15 13:22:38 BST 2025","Cross-Browser and Visual Testing > Cross-Browser Compatibility","visual.spec.js","",""
"","1302","should work on mobile devices","chromium","Fri Aug 15 13:16:52 BST 2025","failed","Fri Aug 15 13:16:53 BST 2025","Data Processing Page","data.spec.js","",""
"","2602","should handle bulk selection and deletion","chromium","Fri Aug 15 13:16:59 BST 2025","passed","Fri Aug 15 13:17:02 BST 2025","User Management Page","users.spec.js","",""
"","2313","should work correctly in webkit","Mobile Safari","Fri Aug 15 13:22:38 BST 2025","passed","Fri Aug 15 13:22:40 BST 2025","Cross-Browser and Visual Testing > Cross-Browser Compatibility","visual.spec.js","",""
"","3998","should perform basic division","firefox","Fri Aug 15 13:17:22 BST 2025","passed","Fri Aug 15 13:17:26 BST 2025","Calculator Page","calculator.spec.js","",""
"","4156","should take consistent dashboard screenshots","Mobile Safari","Fri Aug 15 13:22:39 BST 2025","failed","Fri Aug 15 13:22:43 BST 2025","Cross-Browser and Visual Testing > Visual Regression Testing","visual.spec.js","",""
"","3310","should filter users by status","firefox","Fri Aug 15 13:18:21 BST 2025","passed","Fri Aug 15 13:18:24 BST 2025","User Management Page","users.spec.js","",""
"","5637","should handle user statistics display","webkit","Fri Aug 15 13:20:34 BST 2025","passed","Fri Aug 15 13:20:40 BST 2025","User Management Page","users.spec.js","",""
"","7563","should perform basic division","webkit","Fri Aug 15 13:18:57 BST 2025","broken","Fri Aug 15 13:19:04 BST 2025","Calculator Page","calculator.spec.js","",""
"","1539","should handle empty data input","Mobile Chrome","Fri Aug 15 13:21:28 BST 2025","passed","Fri Aug 15 13:21:30 BST 2025","Data Processing Page","data.spec.js","",""
"","7617","should clear display","webkit","Fri Aug 15 13:19:01 BST 2025","broken","Fri Aug 15 13:19:08 BST 2025","Calculator Page","calculator.spec.js","",""
"","1973","should display dashboard title and navigation","firefox","Fri Aug 15 13:17:38 BST 2025","passed","Fri Aug 15 13:17:40 BST 2025","Dashboard Page","dashboard.spec.js","",""
"","2145","should be responsive on mobile","chromium","Fri Aug 15 13:17:02 BST 2025","failed","Fri Aug 15 13:17:04 BST 2025","User Management Page","users.spec.js","",""
"","1111","should navigate to calculator from feature card","chromium","Fri Aug 15 13:16:46 BST 2025","passed","Fri Aug 15 13:16:47 BST 2025","Dashboard Page","dashboard.spec.js","",""
"","878","should display data processing interface","Mobile Chrome","Fri Aug 15 13:21:22 BST 2025","passed","Fri Aug 15 13:21:23 BST 2025","Data Processing Page","data.spec.js","",""
"","906","should be responsive on mobile","chromium","Fri Aug 15 13:16:47 BST 2025","passed","Fri Aug 15 13:16:48 BST 2025","Dashboard Page","dashboard.spec.js","",""
"","5310","should work correctly in webkit","webkit","Fri Aug 15 13:20:36 BST 2025","failed","Fri Aug 15 13:20:41 BST 2025","Cross-Browser and Visual Testing > Cross-Browser Compatibility","visual.spec.js","",""
"","5270","should display chart after processing","webkit","Fri Aug 15 13:19:51 BST 2025","failed","Fri Aug 15 13:19:56 BST 2025","Data Processing Page","data.spec.js","",""
"","1603","should display calculator interface","Mobile Safari","Fri Aug 15 13:21:58 BST 2025","passed","Fri Aug 15 13:21:59 BST 2025","Calculator Page","calculator.spec.js","",""
"","5323","should take consistent dashboard screenshots","firefox","Fri Aug 15 13:18:31 BST 2025","failed","Fri Aug 15 13:18:36 BST 2025","Cross-Browser and Visual Testing > Visual Regression Testing","visual.spec.js","",""
"","35032","should process data and show statistics","webkit","Fri Aug 15 13:19:34 BST 2025","failed","Fri Aug 15 13:20:09 BST 2025","Data Processing Page","data.spec.js","",""
"","1971","should handle user statistics display","Mobile Chrome","Fri Aug 15 13:21:46 BST 2025","passed","Fri Aug 15 13:21:48 BST 2025","User Management Page","users.spec.js","",""
"","4230","should edit an existing user","Mobile Chrome","Fri Aug 15 13:21:36 BST 2025","passed","Fri Aug 15 13:21:40 BST 2025","User Management Page","users.spec.js","",""
"","2521","should display correctly on tablet","Mobile Safari","Fri Aug 15 13:22:44 BST 2025","passed","Fri Aug 15 13:22:47 BST 2025","Cross-Browser and Visual Testing > Responsive Design Testing","visual.spec.js","",""
"","1057","should display data processing interface","chromium","Fri Aug 15 13:16:48 BST 2025","passed","Fri Aug 15 13:16:49 BST 2025","Data Processing Page","data.spec.js","",""
"","3569","should handle complex data processing workflow","firefox","Fri Aug 15 13:18:09 BST 2025","passed","Fri Aug 15 13:18:13 BST 2025","Data Processing Page","data.spec.js","",""
"","6777","should record complete data analysis session","webkit","Fri Aug 15 13:20:01 BST 2025","failed","Fri Aug 15 13:20:08 BST 2025","Data Processing Page","data.spec.js","",""
"","2189","should work on mobile devices","webkit","Fri Aug 15 13:19:57 BST 2025","failed","Fri Aug 15 13:19:59 BST 2025","Data Processing Page","data.spec.js","",""
"","2540","should square data values","Mobile Chrome","Fri Aug 15 13:21:26 BST 2025","passed","Fri Aug 15 13:21:29 BST 2025","Data Processing Page","data.spec.js","",""
"","3527","should take consistent dashboard screenshots","chromium","Fri Aug 15 13:17:05 BST 2025","failed","Fri Aug 15 13:17:09 BST 2025","Cross-Browser and Visual Testing > Visual Regression Testing","visual.spec.js","",""
"","3735","should edit an existing user","Mobile Safari","Fri Aug 15 13:22:31 BST 2025","passed","Fri Aug 15 13:22:34 BST 2025","User Management Page","users.spec.js","",""
"","8605","should test API integration","firefox","Fri Aug 15 13:17:35 BST 2025","broken","Fri Aug 15 13:17:43 BST 2025","Calculator Page","calculator.spec.js","",""
"","1772","should export users to CSV","Mobile Chrome","Fri Aug 15 13:21:41 BST 2025","passed","Fri Aug 15 13:21:42 BST 2025","User Management Page","users.spec.js","",""
"","5383","should display correctly on mobile","webkit","Fri Aug 15 13:20:45 BST 2025","passed","Fri Aug 15 13:20:50 BST 2025","Cross-Browser and Visual Testing > Responsive Design Testing","visual.spec.js","",""
"","5319","should navigate to users from feature card","webkit","Fri Aug 15 13:19:25 BST 2025","failed","Fri Aug 15 13:19:30 BST 2025","Dashboard Page","dashboard.spec.js","",""
"","1058","should display user management interface","Mobile Safari","Fri Aug 15 13:22:26 BST 2025","passed","Fri Aug 15 13:22:27 BST 2025","User Management Page","users.spec.js","",""
"","3528","should have working navigation links","Mobile Chrome","Fri Aug 15 13:21:18 BST 2025","failed","Fri Aug 15 13:21:21 BST 2025","Dashboard Page","dashboard.spec.js","",""
"","1182","should handle keyboard input","chromium","Fri Aug 15 13:16:41 BST 2025","passed","Fri Aug 15 13:16:42 BST 2025","Calculator Page","calculator.spec.js","",""
"","10444","should load sample data sets","firefox","Fri Aug 15 13:17:49 BST 2025","broken","Fri Aug 15 13:18:00 BST 2025","Data Processing Page","data.spec.js","",""
"","6764","should handle empty data input","webkit","Fri Aug 15 13:19:49 BST 2025","failed","Fri Aug 15 13:19:55 BST 2025","Data Processing Page","data.spec.js","",""
"","1519","should navigate to users from feature card","firefox","Fri Aug 15 13:17:43 BST 2025","passed","Fri Aug 15 13:17:45 BST 2025","Dashboard Page","dashboard.spec.js","",""
"","2276","should handle invalid data input","firefox","Fri Aug 15 13:18:07 BST 2025","passed","Fri Aug 15 13:18:09 BST 2025","Data Processing Page","data.spec.js","",""
"","9697","should double data values","firefox","Fri Aug 15 13:18:02 BST 2025","broken","Fri Aug 15 13:18:11 BST 2025","Data Processing Page","data.spec.js","",""
"","13004","should navigate to data processing from feature card","firefox","Fri Aug 15 13:17:45 BST 2025","broken","Fri Aug 15 13:17:58 BST 2025","Dashboard Page","dashboard.spec.js","",""
"","1908","should create a new user","Mobile Chrome","Fri Aug 15 13:21:35 BST 2025","passed","Fri Aug 15 13:21:37 BST 2025","User Management Page","users.spec.js","",""
"","2535","should search users","Mobile Chrome","Fri Aug 15 13:21:41 BST 2025","passed","Fri Aug 15 13:21:43 BST 2025","User Management Page","users.spec.js","",""
"","3643","should double data values","Mobile Chrome","Fri Aug 15 13:21:25 BST 2025","failed","Fri Aug 15 13:21:29 BST 2025","Data Processing Page","data.spec.js","",""
"","6990","should export users to CSV","webkit","Fri Aug 15 13:20:26 BST 2025","broken","Fri Aug 15 13:20:33 BST 2025","User Management Page","users.spec.js","",""
"","3245","should display dashboard title and navigation","webkit","Fri Aug 15 13:19:22 BST 2025","passed","Fri Aug 15 13:19:25 BST 2025","Dashboard Page","dashboard.spec.js","",""
"","305","should work correctly in firefox","Mobile Chrome","Fri Aug 15 13:21:48 BST 2025","skipped","Fri Aug 15 13:21:48 BST 2025","Cross-Browser and Visual Testing > Cross-Browser Compatibility","visual.spec.js","",""
"","2156","should display correctly on desktop","chromium","Fri Aug 15 13:17:10 BST 2025","passed","Fri Aug 15 13:17:12 BST 2025","Cross-Browser and Visual Testing > Responsive Design Testing","visual.spec.js","",""
"","6022","should double data values","webkit","Fri Aug 15 13:19:41 BST 2025","failed","Fri Aug 15 13:19:47 BST 2025","Data Processing Page","data.spec.js","",""
"","5468","should export users to CSV","firefox","Fri Aug 15 13:18:23 BST 2025","passed","Fri Aug 15 13:18:28 BST 2025","User Management Page","users.spec.js","",""
"","7767","should complete full testing workflow with video recording","chromium","Fri Aug 15 13:17:14 BST 2025","broken","Fri Aug 15 13:17:22 BST 2025","Cross-Browser and Visual Testing > Complete User Journeys","visual.spec.js","",""
"","5189","should validate form inputs","webkit","Fri Aug 15 13:20:26 BST 2025","failed","Fri Aug 15 13:20:32 BST 2025","User Management Page","users.spec.js","",""
"","6194","should take consistent user management screenshots","webkit","Fri Aug 15 13:20:43 BST 2025","failed","Fri Aug 15 13:20:49 BST 2025","Cross-Browser and Visual Testing > Visual Regression Testing","visual.spec.js","",""
"","1710","should calculate square","Mobile Safari","Fri Aug 15 13:22:08 BST 2025","passed","Fri Aug 15 13:22:10 BST 2025","Calculator Page","calculator.spec.js","",""
"","4390","should sort data","webkit","Fri Aug 15 13:19:41 BST 2025","passed","Fri Aug 15 13:19:45 BST 2025","Data Processing Page","data.spec.js","",""
"","1326","should clear data","Mobile Chrome","Fri Aug 15 13:21:23 BST 2025","passed","Fri Aug 15 13:21:24 BST 2025","Data Processing Page","data.spec.js","",""
"","2179","should delete a user","chromium","Fri Aug 15 13:16:57 BST 2025","passed","Fri Aug 15 13:16:59 BST 2025","User Management Page","users.spec.js","",""
"","2152","should have proper accessibility attributes","Mobile Chrome","Fri Aug 15 13:21:55 BST 2025","passed","Fri Aug 15 13:21:57 BST 2025","Cross-Browser and Visual Testing > Accessibility Testing","visual.spec.js","",""
"","5338","should handle bulk selection and deletion","webkit","Fri Aug 15 13:20:20 BST 2025","failed","Fri Aug 15 13:20:25 BST 2025","User Management Page","users.spec.js","",""
"","658","should have proper accessibility attributes","chromium","Fri Aug 15 13:16:47 BST 2025","passed","Fri Aug 15 13:16:48 BST 2025","Dashboard Page","dashboard.spec.js","",""
"","4532","should handle backspace","Mobile Chrome","Fri Aug 15 13:21:08 BST 2025","passed","Fri Aug 15 13:21:13 BST 2025","Calculator Page","calculator.spec.js","",""
"","5676","should filter users by status","webkit","Fri Aug 15 13:20:19 BST 2025","failed","Fri Aug 15 13:20:25 BST 2025","User Management Page","users.spec.js","",""
"","7854","should load pages within performance budgets","firefox","Fri Aug 15 13:18:40 BST 2025","broken","Fri Aug 15 13:18:48 BST 2025","Cross-Browser and Visual Testing > Performance and Loading Tests","visual.spec.js","",""
"","3252","should handle bulk selection and deletion","Mobile Safari","Fri Aug 15 13:22:33 BST 2025","passed","Fri Aug 15 13:22:37 BST 2025","User Management Page","users.spec.js","",""
"","1366","should display data processing interface","Mobile Safari","Fri Aug 15 13:22:17 BST 2025","passed","Fri Aug 15 13:22:18 BST 2025","Data Processing Page","data.spec.js","",""
"","6239","should have working navigation links","webkit","Fri Aug 15 13:19:22 BST 2025","failed","Fri Aug 15 13:19:28 BST 2025","Dashboard Page","dashboard.spec.js","",""
"","8162","should handle data transformations with error cases","webkit","Fri Aug 15 13:19:57 BST 2025","failed","Fri Aug 15 13:20:06 BST 2025","Data Processing Page","data.spec.js","",""
"","4173","should display calculation history","Mobile Safari","Fri Aug 15 13:22:10 BST 2025","passed","Fri Aug 15 13:22:14 BST 2025","Calculator Page","calculator.spec.js","",""
"","2430","should perform basic subtraction","Mobile Safari","Fri Aug 15 13:21:58 BST 2025","passed","Fri Aug 15 13:22:00 BST 2025","Calculator Page","calculator.spec.js","",""
"","2857","should edit an existing user","chromium","Fri Aug 15 13:16:57 BST 2025","passed","Fri Aug 15 13:17:00 BST 2025","User Management Page","users.spec.js","",""
"","4977","should record video of complete user workflow","chromium","Fri Aug 15 13:17:02 BST 2025","passed","Fri Aug 15 13:17:07 BST 2025","User Management Page","users.spec.js","",""
"","3552","should display calculation history","firefox","Fri Aug 15 13:17:32 BST 2025","passed","Fri Aug 15 13:17:35 BST 2025","Calculator Page","calculator.spec.js","",""
"","7327","should record video of complex calculation","firefox","Fri Aug 15 13:17:35 BST 2025","failed","Fri Aug 15 13:17:42 BST 2025","Calculator Page","calculator.spec.js","",""
"","6103","should handle large datasets","webkit","Fri Aug 15 13:21:01 BST 2025","failed","Fri Aug 15 13:21:07 BST 2025","Cross-Browser and Visual Testing > Error Handling and Edge Cases","visual.spec.js","",""
"","3172","should perform basic subtraction","chromium","Fri Aug 15 13:16:36 BST 2025","passed","Fri Aug 15 13:16:39 BST 2025","Calculator Page","calculator.spec.js","",""
"","1459","should display correctly on mobile","chromium","Fri Aug 15 13:17:08 BST 2025","passed","Fri Aug 15 13:17:10 BST 2025","Cross-Browser and Visual Testing > Responsive Design Testing","visual.spec.js","",""
"","8106","should perform basic addition","webkit","Fri Aug 15 13:18:49 BST 2025","broken","Fri Aug 15 13:18:57 BST 2025","Calculator Page","calculator.spec.js","",""
"","2602","should display correctly on desktop","firefox","Fri Aug 15 13:18:38 BST 2025","passed","Fri Aug 15 13:18:41 BST 2025","Cross-Browser and Visual Testing > Responsive Design Testing","visual.spec.js","",""
"","5709","should delete a user","webkit","Fri Aug 15 13:20:12 BST 2025","failed","Fri Aug 15 13:20:18 BST 2025","User Management Page","users.spec.js","",""
"","5213","should perform basic multiplication","firefox","Fri Aug 15 13:17:24 BST 2025","passed","Fri Aug 15 13:17:29 BST 2025","Calculator Page","calculator.spec.js","",""
"","3194","should search users","Mobile Safari","Fri Aug 15 13:22:31 BST 2025","passed","Fri Aug 15 13:22:34 BST 2025","User Management Page","users.spec.js","",""
"","2152","should display correctly on mobile","Mobile Safari","Fri Aug 15 13:22:43 BST 2025","passed","Fri Aug 15 13:22:45 BST 2025","Cross-Browser and Visual Testing > Responsive Design Testing","visual.spec.js","",""
"","6335","should record video of complete user workflow","Mobile Safari","Fri Aug 15 13:22:37 BST 2025","broken","Fri Aug 15 13:22:43 BST 2025","User Management Page","users.spec.js","",""
"","3041","should take consistent user management screenshots","Mobile Safari","Fri Aug 15 13:22:40 BST 2025","failed","Fri Aug 15 13:22:43 BST 2025","Cross-Browser and Visual Testing > Visual Regression Testing","visual.spec.js","",""
"","4883","should calculate square","webkit","Fri Aug 15 13:19:08 BST 2025","passed","Fri Aug 15 13:19:13 BST 2025","Calculator Page","calculator.spec.js","",""
"","9313","should handle division by zero error","webkit","Fri Aug 15 13:19:11 BST 2025","broken","Fri Aug 15 13:19:20 BST 2025","Calculator Page","calculator.spec.js","",""
"","6080","should sort data","firefox","Fri Aug 15 13:18:01 BST 2025","passed","Fri Aug 15 13:18:07 BST 2025","Data Processing Page","data.spec.js","",""
"","2369","should create a new user","Mobile Safari","Fri Aug 15 13:22:29 BST 2025","passed","Fri Aug 15 13:22:31 BST 2025","User Management Page","users.spec.js","",""
"","872","should display dashboard title and navigation","Mobile Chrome","Fri Aug 15 13:21:18 BST 2025","passed","Fri Aug 15 13:21:19 BST 2025","Dashboard Page","dashboard.spec.js","",""
"","2677","should delete a user","Mobile Safari","Fri Aug 15 13:22:31 BST 2025","passed","Fri Aug 15 13:22:33 BST 2025","User Management Page","users.spec.js","",""
"","1748","should load sample data sets","Mobile Chrome","Fri Aug 15 13:21:23 BST 2025","passed","Fri Aug 15 13:21:25 BST 2025","Data Processing Page","data.spec.js","",""
"","4866","should calculate square root","webkit","Fri Aug 15 13:19:06 BST 2025","passed","Fri Aug 15 13:19:11 BST 2025","Calculator Page","calculator.spec.js","",""
"","2130","should double data values","Mobile Safari","Fri Aug 15 13:22:19 BST 2025","passed","Fri Aug 15 13:22:21 BST 2025","Data Processing Page","data.spec.js","",""
"","2797","should load pages within performance budgets","chromium","Fri Aug 15 13:17:12 BST 2025","passed","Fri Aug 15 13:17:14 BST 2025","Cross-Browser and Visual Testing > Performance and Loading Tests","visual.spec.js","",""
"","1869","should display correctly on mobile","Mobile Chrome","Fri Aug 15 13:21:50 BST 2025","passed","Fri Aug 15 13:21:52 BST 2025","Cross-Browser and Visual Testing > Responsive Design Testing","visual.spec.js","",""
"","2733","should perform basic multiplication","chromium","Fri Aug 15 13:16:36 BST 2025","passed","Fri Aug 15 13:16:39 BST 2025","Calculator Page","calculator.spec.js","",""
"","2196","should have proper accessibility attributes","webkit","Fri Aug 15 13:19:32 BST 2025","passed","Fri Aug 15 13:19:34 BST 2025","Dashboard Page","dashboard.spec.js","",""
"","3517","should delete a user","Mobile Chrome","Fri Aug 15 13:21:37 BST 2025","passed","Fri Aug 15 13:21:41 BST 2025","User Management Page","users.spec.js","",""
"","4069","should navigate to data processing from feature card","webkit","Fri Aug 15 13:19:29 BST 2025","passed","Fri Aug 15 13:19:34 BST 2025","Dashboard Page","dashboard.spec.js","",""
"","1259","should handle keyboard input","Mobile Safari","Fri Aug 15 13:22:09 BST 2025","passed","Fri Aug 15 13:22:10 BST 2025","Calculator Page","calculator.spec.js","",""
"","6611","should handle invalid data input","webkit","Fri Aug 15 13:19:49 BST 2025","failed","Fri Aug 15 13:19:56 BST 2025","Data Processing Page","data.spec.js","",""
"","3588","should process data and show statistics","Mobile Chrome","Fri Aug 15 13:21:23 BST 2025","failed","Fri Aug 15 13:21:27 BST 2025","Data Processing Page","data.spec.js","",""
"","1196","should navigate to users from feature card","chromium","Fri Aug 15 13:16:46 BST 2025","passed","Fri Aug 15 13:16:47 BST 2025","Dashboard Page","dashboard.spec.js","",""
"","9288","should display correctly on desktop","webkit","Fri Aug 15 13:20:51 BST 2025","broken","Fri Aug 15 13:21:00 BST 2025","Cross-Browser and Visual Testing > Responsive Design Testing","visual.spec.js","",""
"","2213","should test API integration","Mobile Safari","Fri Aug 15 13:22:10 BST 2025","passed","Fri Aug 15 13:22:12 BST 2025","Calculator Page","calculator.spec.js","",""
"","1866","should handle user statistics display","chromium","Fri Aug 15 13:17:03 BST 2025","passed","Fri Aug 15 13:17:05 BST 2025","User Management Page","users.spec.js","",""
"","1465","should display dashboard title and navigation","Mobile Safari","Fri Aug 15 13:22:12 BST 2025","passed","Fri Aug 15 13:22:14 BST 2025","Dashboard Page","dashboard.spec.js","",""
"","1269","should square data values","chromium","Fri Aug 15 13:16:50 BST 2025","passed","Fri Aug 15 13:16:51 BST 2025","Data Processing Page","data.spec.js","",""
"","2497","should validate form inputs","chromium","Fri Aug 15 13:17:01 BST 2025","failed","Fri Aug 15 13:17:04 BST 2025","User Management Page","users.spec.js","",""
"","4997","should display calculation history","Mobile Chrome","Fri Aug 15 13:21:13 BST 2025","passed","Fri Aug 15 13:21:18 BST 2025","Calculator Page","calculator.spec.js","",""
"","541","should work correctly in webkit","firefox","Fri Aug 15 13:18:31 BST 2025","skipped","Fri Aug 15 13:18:31 BST 2025","Cross-Browser and Visual Testing > Cross-Browser Compatibility","visual.spec.js","",""
"","1404","should be keyboard navigable","Mobile Safari","Fri Aug 15 13:22:47 BST 2025","passed","Fri Aug 15 13:22:48 BST 2025","Cross-Browser and Visual Testing > Accessibility Testing","visual.spec.js","",""
"","2505","should export users to CSV","Mobile Safari","Fri Aug 15 13:22:34 BST 2025","passed","Fri Aug 15 13:22:37 BST 2025","User Management Page","users.spec.js","",""
"","7933","should handle decimal numbers","webkit","Fri Aug 15 13:18:59 BST 2025","broken","Fri Aug 15 13:19:07 BST 2025","Calculator Page","calculator.spec.js","",""
"","7151","should complete full testing workflow with video recording","webkit","Fri Aug 15 13:21:00 BST 2025","broken","Fri Aug 15 13:21:07 BST 2025","Cross-Browser and Visual Testing > Complete User Journeys","visual.spec.js","",""
"","1052","should calculate square root","Mobile Chrome","Fri Aug 15 13:21:10 BST 2025","passed","Fri Aug 15 13:21:11 BST 2025","Calculator Page","calculator.spec.js","",""
"","6719","should clear data","webkit","Fri Aug 15 13:19:34 BST 2025","failed","Fri Aug 15 13:19:40 BST 2025","Data Processing Page","data.spec.js","",""
"","5339","should complete full testing workflow with video recording","Mobile Safari","Fri Aug 15 13:22:47 BST 2025","broken","Fri Aug 15 13:22:53 BST 2025","Cross-Browser and Visual Testing > Complete User Journeys","visual.spec.js","",""
"","1333","should filter data by threshold","chromium","Fri Aug 15 13:16:51 BST 2025","passed","Fri Aug 15 13:16:52 BST 2025","Data Processing Page","data.spec.js","",""
"","2500","should create a new user","firefox","Fri Aug 15 13:18:15 BST 2025","passed","Fri Aug 15 13:18:17 BST 2025","User Management Page","users.spec.js","",""
"","2401","should handle network failures gracefully","firefox","Fri Aug 15 13:18:43 BST 2025","passed","Fri Aug 15 13:18:46 BST 2025","Cross-Browser and Visual Testing > Error Handling and Edge Cases","visual.spec.js","",""
"","6653","should handle data transformations with error cases","Mobile Chrome","Fri Aug 15 13:21:33 BST 2025","broken","Fri Aug 15 13:21:40 BST 2025","Data Processing Page","data.spec.js","",""
"","1792","should handle large datasets","chromium","Fri Aug 15 13:17:12 BST 2025","passed","Fri Aug 15 13:17:14 BST 2025","Cross-Browser and Visual Testing > Error Handling and Edge Cases","visual.spec.js","",""
"","1175","should display feature cards","Mobile Safari","Fri Aug 15 13:22:14 BST 2025","passed","Fri Aug 15 13:22:15 BST 2025","Dashboard Page","dashboard.spec.js","",""
"","3667","should edit an existing user","firefox","Fri Aug 15 13:18:17 BST 2025","passed","Fri Aug 15 13:18:21 BST 2025","User Management Page","users.spec.js","",""
"","4541","should display user management interface","webkit","Fri Aug 15 13:20:07 BST 2025","passed","Fri Aug 15 13:20:12 BST 2025","User Management Page","users.spec.js","",""
"","1829","should clear data","Mobile Safari","Fri Aug 15 13:22:17 BST 2025","passed","Fri Aug 15 13:22:19 BST 2025","Data Processing Page","data.spec.js","",""
"","1358","should open add user modal","chromium","Fri Aug 15 13:16:56 BST 2025","passed","Fri Aug 15 13:16:57 BST 2025","User Management Page","users.spec.js","",""
"","12378","should navigate to calculator from feature card","firefox","Fri Aug 15 13:17:45 BST 2025","broken","Fri Aug 15 13:17:57 BST 2025","Dashboard Page","dashboard.spec.js","",""
"","1616","should calculate square root","Mobile Safari","Fri Aug 15 13:22:07 BST 2025","passed","Fri Aug 15 13:22:09 BST 2025","Calculator Page","calculator.spec.js","",""
